{"sizes": [1000, 10000, 100000, 1000000, 10000000], "set": [5.7220458984375e-06, 6.2783559163411456e-06, 6.198883056640625e-06, 7.152557373046875e-06, 7.708867390950521e-06], "list": [0.0052645206451416016, 0.07766254742940266, 0.7997419039408366, 9.057919899622599, 93.33568572998047]}